时间,消费,展现量,点击量,点击率,平均点击成本,平均千次展现费用,点赞,评论,收藏,关注,分享,互动量,平均互动成本,行动按钮点击量,行动按钮点击率,截图,保存图片,预告组件点击,直播预约人次,直播预约成本,搜索组件点击量,搜索组件点击转化率,平均搜后阅读笔记篇数,搜后阅读量,新增种草人群,新增种草人群成本,新增深度种草人群,新增深度种草人群成本,直播间支付订单量,直播间支付订单成本,直播间支付金额,直播间支付ROI,多转化人数（添加企微+私信咨询）,多转化成本（添加企微+私信咨询）,多转化人数（添加企微成功+私信留资）,多转化成本（私信留资+添加企微成功）
31/10/2024,1.02,4,1,25.00%,1.02,255,0,0,0,0,0,0,0,1,100.00%,1,0,0,0,0,0,0.00%,0,0,0,0,0,0,0,0,0,0,1,1.02,0,0
1/11/2024,106.46,1217,119,9.78%,0.89,87.48,5,1,5,4,0,15,7.1,1,0.84%,0,0,0,0,0,0,0.00%,0,0,0,0,0,0,0,0,0,0,1,106.46,0,0
2/11/2024,0,1,0,0.00%,0,0,0,0,0,0,0,0,0,0,0.00%,0,0,0,0,0,0,0.00%,0,0,0,0,0,0,0,0,0,0,0,0,0,0
3/11/2024,69.33,2111,245,11.61%,0.28,32.84,3,2,6,4,1,16,4.33,0,0.00%,1,0,0,0,0,0,0.00%,0,0,0,0,0,0,0,0,0,0,1,69.33,0,0
4/11/2024,625.71,25722,2603,10.12%,0.24,24.33,21,14,20,26,16,97,6.45,12,0.46%,2,6,0,0,0,0,0.00%,0,0,0,0,0,0,0,0,0,0,22,28.44,0,0
5/11/2024,816.51,26424,2090,7.91%,0.39,30.9,17,12,14,18,12,73,11.19,12,0.57%,5,0,0,0,0,0,0.00%,0,0,0,0,0,0,0,0,0,0,17,48.03,0,0
6/11/2024,1028.4,26086,1696,6.50%,0.61,39.42,16,2,17,18,10,63,16.32,4,0.24%,1,6,0,0,0,0,0.00%,0,0,0,0,0,0,0,0,0,0,17,60.49,0,0
7/11/2024,585.08,27328,1986,7.27%,0.29,21.41,18,5,20,30,7,80,7.31,9,0.45%,9,21,0,0,0,0,0.00%,0,0,0,0,0,0,0,0,0,0,17,34.42,0,0
8/11/2024,356.83,7605,500,6.57%,0.71,46.92,5,1,8,9,3,26,13.72,5,1.00%,1,3,0,0,0,0,0.00%,0,0,0,0,0,0,0,0,0,0,8,44.6,0,0
9/11/2024,629.38,15184,863,5.68%,0.73,41.45,10,2,10,17,5,44,14.3,10,1.16%,2,0,0,0,0,0,0.00%,0,0,0,0,0,0,0,0,0,0,20,31.47,0,0
10/11/2024,472.79,9413,524,5.57%,0.9,50.23,6,0,7,6,4,23,20.56,2,0.38%,2,0,0,0,0,0,0.00%,0,0,0,0,0,0,0,0,0,0,6,78.8,0,0
11/11/2024,489.74,18575,1005,5.41%,0.49,26.37,9,2,16,8,7,42,11.66,2,0.20%,3,0,0,0,0,0,0.00%,0,0,0,0,0,0,0,0,0,0,5,97.95,0,0
12/11/2024,617.76,9878,589,5.96%,1.05,62.54,4,0,7,9,1,21,29.42,4,0.68%,1,0,0,0,0,0,0.00%,0,0,0,0,0,0,0,0,0,0,13,47.52,0,0
13/11/2024,419.06,10901,619,5.68%,0.68,38.44,6,2,5,1,5,19,22.06,2,0.32%,2,0,0,0,0,0,0.00%,0,0,0,0,0,0,0,0,0,0,5,83.81,0,0
14/11/2024,651.9,18250,979,5.36%,0.67,35.72,1,1,5,8,7,22,29.63,2,0.20%,3,0,0,0,0,0,0.00%,0,0,0,0,0,0,0,0,0,0,9,72.43,2,325.95
15/11/2024,521.18,9965,481,4.83%,1.08,52.3,0,1,4,5,0,10,52.12,2,0.42%,1,0,0,0,0,0,0.00%,0,0,0,0,0,0,0,0,0,0,9,57.91,1,521.18
16/11/2024,297.09,9650,522,5.41%,0.57,30.79,3,0,5,2,0,10,29.71,1,0.19%,0,0,0,0,0,0,0.00%,0,0,0,0,0,0,0,0,0,0,2,148.54,0,0
17/11/2024,317.2,7344,459,6.25%,0.69,43.19,2,1,6,4,1,14,22.66,0,0.00%,2,0,0,0,0,0,0.00%,0,0,0,0,0,0,0,0,0,0,1,317.2,0,0
18/11/2024,454.02,7603,403,5.30%,1.13,59.72,3,0,3,0,3,9,50.45,3,0.74%,1,0,0,0,0,0,0.00%,0,0,0,0,0,0,0,0,0,0,4,113.51,0,0
19/11/2024,580.33,6242,319,5.11%,1.82,92.97,3,0,5,2,0,10,58.03,4,1.25%,6,0,0,0,0,0,0.00%,0,0,0,0,0,0,0,0,0,0,9,64.48,0,0
20/11/2024,560.32,8539,370,4.33%,1.51,65.62,1,1,7,0,2,11,50.94,3,0.81%,3,0,0,0,0,0,0.00%,0,0,0,0,0,0,0,0,0,0,8,70.04,0,0
21/11/2024,104.64,1308,79,6.04%,1.32,80,0,0,1,2,0,3,34.88,0,0.00%,0,0,0,0,0,0,0.00%,0,0,0,0,0,0,0,0,0,0,2,52.32,0,0
22/11/2024,97.25,2921,147,5.03%,0.66,33.29,2,0,2,1,0,5,19.45,1,0.68%,0,0,0,0,0,0,0.00%,0,0,0,0,0,0,0,0,0,0,1,97.25,0,0
23/11/2024,185.8,3927,289,7.36%,0.64,47.31,1,0,4,2,0,7,26.54,0,0.00%,0,0,0,0,0,0,0.00%,0,0,0,0,0,0,0,0,0,0,0,0,0,0
24/11/2024,233.04,3363,238,7.08%,0.98,69.3,2,0,0,2,1,5,46.61,0,0.00%,3,0,0,0,0,0,0.00%,0,0,0,0,0,0,0,0,0,0,2,116.52,0,0
25/11/2024,70.71,648,47,7.25%,1.5,109.12,0,0,0,0,0,0,0,1,2.13%,0,0,0,0,0,0,0.00%,0,0,0,0,0,0,0,0,0,0,1,70.71,0,0
28/11/2024,0,1,0,0.00%,0,0,0,0,0,0,0,0,0,0,0.00%,0,0,0,0,0,0,0.00%,0,0,0,0,0,0,0,0,0,0,0,0,0,0
30/11/2024,0,1,0,0.00%,0,0,0,0,0,0,0,0,0,0,0.00%,0,0,0,0,0,0,0.00%,0,0,0,0,0,0,0,0,0,0,0,0,0,0
2/12/2024,0,1,0,0.00%,0,0,0,0,0,0,0,0,0,0,0.00%,0,0,0,0,0,0,0.00%,0,0,0,0,0,0,0,0,0,0,0,0,0,0
3/12/2024,0,1,0,0.00%,0,0,0,0,0,0,0,0,0,0,0.00%,0,0,0,0,0,0,0.00%,0,0,0,0,0,0,0,0,0,0,0,0,0,0
7/12/2024,0,1,0,0.00%,0,0,0,0,0,0,0,0,0,0,0.00%,0,0,0,0,0,0,0.00%,0,0,0,0,0,0,0,0,0,0,0,0,0,0
10/12/2024,0,1,0,0.00%,0,0,0,0,0,0,0,0,0,0,0.00%,0,0,0,0,0,0,0.00%,0,0,0,0,0,0,0,0,0,0,0,0,0,0
16/12/2024,0,1,1,100.00%,0,0,0,0,0,0,0,0,0,0,0.00%,0,0,0,0,0,0,0.00%,0,0,0,0,0,0,0,0,0,0,0,0,0,0
8/01/2025,301.37,2178,227,10.42%,1.33,138.37,4,0,0,1,1,6,50.23,0,0.00%,0,0,0,0,0,0,0.00%,0,0,0,0,0,0,0,0,0,0,2,150.69,1,301.37
9/01/2025,307.47,3937,350,8.89%,0.88,78.1,2,1,1,1,2,7,43.92,3,0.86%,0,0,0,0,0,0,0.00%,0,0,0,0,0,0,0,0,0,0,9,34.16,1,307.47
10/01/2025,308.41,5113,393,7.69%,0.78,60.32,3,0,1,2,0,6,51.4,1,0.25%,3,0,0,0,0,0,0.00%,0,0,0,0,0,0,0,0,0,0,2,154.21,1,308.41
11/01/2025,360.36,4932,373,7.56%,0.97,73.07,2,0,4,3,0,9,40.04,1,0.27%,0,0,0,0,0,0,0.00%,0,0,0,0,0,0,0,0,0,0,2,180.18,1,360.36
12/01/2025,372.48,5792,413,7.13%,0.9,64.31,1,1,4,2,1,9,41.39,2,0.48%,1,0,0,0,0,0,0.00%,0,0,0,0,0,0,0,0,0,0,6,62.08,0,0
13/01/2025,304.5,5093,360,7.07%,0.85,59.79,2,1,5,2,1,11,27.68,3,0.83%,0,0,0,0,0,0,0.00%,0,0,0,0,0,0,0,0,0,0,7,43.5,2,152.25
14/01/2025,308.15,4599,312,6.78%,0.99,67,3,0,2,1,0,6,51.36,1,0.32%,0,0,0,0,0,0,0.00%,0,0,0,0,0,0,0,0,0,0,7,44.02,7,44.02
15/01/2025,405.43,2627,211,8.03%,1.92,154.33,4,1,5,1,0,11,36.86,3,1.42%,1,1,0,0,0,0,0.00%,0,0,0,0,0,0,0,0,0,0,5,81.09,4,101.36
16/01/2025,306.01,4536,326,7.19%,0.94,67.46,2,2,0,0,1,5,61.2,1,0.31%,0,0,0,0,0,0,0.00%,0,0,0,0,0,0,0,0,0,0,5,61.2,3,102
17/01/2025,303.39,6504,453,6.96%,0.67,46.65,4,2,3,2,1,12,25.28,1,0.22%,0,1,0,0,0,0,0.00%,0,0,0,0,0,0,0,0,0,0,5,60.68,3,101.13
18/01/2025,309.96,4619,320,6.93%,0.97,67.11,5,1,0,3,2,11,28.18,3,0.94%,1,0,0,0,0,0,0.00%,0,0,0,0,0,0,0,0,0,0,3,103.32,1,309.96
19/01/2025,302.86,4376,302,6.90%,1,69.21,4,0,2,2,1,9,33.65,3,0.99%,0,0,0,0,0,0,0.00%,0,0,0,0,0,0,0,0,0,0,5,60.57,2,151.43
20/01/2025,302.92,5229,366,7.00%,0.83,57.93,1,0,3,3,0,7,43.27,0,0.00%,1,0,0,0,0,0,0.00%,0,0,0,0,0,0,0,0,0,0,5,60.58,1,302.92
21/01/2025,309.46,3652,229,6.27%,1.35,84.74,0,0,1,2,1,4,77.36,0,0.00%,1,0,0,0,0,0,0.00%,0,0,0,0,0,0,0,0,0,0,3,103.15,0,0
22/01/2025,207.59,2910,179,6.15%,1.16,71.34,3,0,3,1,1,8,25.95,0,0.00%,0,0,0,0,0,0,0.00%,0,0,0,0,0,0,0,0,0,0,2,103.8,3,69.2
23/01/2025,0,3,0,0.00%,0,0,0,0,0,0,0,0,0,0,0.00%,0,0,0,0,0,0,0.00%,0,0,0,0,0,0,0,0,0,0,0,0,0,0
24/01/2025,314.97,3744,193,5.15%,1.63,84.13,2,0,1,4,2,9,35,7,3.63%,2,0,0,0,0,0,0.00%,0,0,0,0,0,0,0,0,0,0,10,31.5,2,157.49
25/01/2025,307.74,10232,576,5.63%,0.53,30.08,6,3,4,6,2,21,14.65,3,0.52%,2,0,0,0,0,0,0.00%,0,0,0,0,0,0,0,0,0,0,4,76.94,1,307.74
26/01/2025,314.97,10100,522,5.17%,0.6,31.19,7,1,3,8,0,19,16.58,2,0.38%,2,4,0,0,0,0,0.00%,0,0,0,0,0,0,0,0,0,0,5,62.99,2,157.49
27/01/2025,306.89,13993,655,4.68%,0.47,21.93,9,0,9,5,0,23,13.34,3,0.46%,0,0,0,0,0,0,0.00%,0,0,0,0,0,0,0,0,0,0,3,102.3,2,153.45
28/01/2025,314.98,5534,282,5.10%,1.12,56.92,2,1,1,3,3,10,31.5,2,0.71%,3,0,0,0,0,0,0.00%,0,0,0,0,0,0,0,0,0,0,5,63,2,157.49
29/01/2025,307.85,9914,418,4.22%,0.74,31.05,3,1,4,1,1,10,30.79,2,0.48%,0,7,0,0,0,0,0.00%,0,0,0,0,0,0,0,0,0,0,4,76.96,2,153.93
30/01/2025,299.14,9928,415,4.18%,0.72,30.13,3,0,1,1,0,5,59.83,1,0.24%,0,0,0,0,0,0,0.00%,0,0,0,0,0,0,0,0,0,0,6,49.86,3,99.71
31/01/2025,307.29,8348,402,4.82%,0.76,36.81,2,2,12,4,4,24,12.8,1,0.25%,0,1,0,0,0,0,0.00%,0,0,0,0,0,0,0,0,0,0,3,102.43,2,153.65
1/02/2025,306.59,6721,326,4.85%,0.94,45.62,2,0,2,3,4,11,27.87,4,1.23%,1,0,0,0,0,0,0.00%,0,0,0,0,0,0,0,0,0,0,6,51.1,0,0
2/02/2025,308.19,13228,646,4.88%,0.48,23.3,4,0,4,5,4,17,18.13,5,0.77%,5,0,0,0,0,0,0.00%,0,0,0,0,0,0,0,0,0,0,9,34.24,6,51.37
3/02/2025,308.03,5314,259,4.87%,1.19,57.97,3,0,5,5,0,13,23.69,2,0.77%,4,0,0,0,0,0,0.00%,0,0,0,0,0,0,0,0,0,0,4,77.01,3,102.68
4/02/2025,307.32,8433,349,4.14%,0.88,36.44,2,0,3,2,0,7,43.9,1,0.29%,6,0,0,0,0,0,0.00%,0,0,0,0,0,0,0,0,0,0,4,76.83,3,102.44
5/02/2025,302.72,8283,384,4.64%,0.79,36.55,3,0,9,4,0,16,18.92,4,1.04%,5,0,0,0,0,0,0.00%,0,0,0,0,0,0,0,0,0,0,5,60.54,2,151.36
6/02/2025,305.64,7529,293,3.89%,1.04,40.6,1,0,1,2,1,5,61.13,2,0.68%,1,1,0,0,0,0,0.00%,0,0,0,0,0,0,0,0,0,0,3,101.88,3,101.88
7/02/2025,313.9,5769,282,4.89%,1.11,54.41,2,0,3,1,0,6,52.32,2,0.71%,1,0,0,0,0,0,0.00%,0,0,0,0,0,0,0,0,0,0,6,52.32,3,104.63
8/02/2025,306.74,9478,433,4.57%,0.71,32.36,4,1,9,6,4,24,12.78,3,0.69%,1,0,0,0,0,0,0.00%,0,0,0,0,0,0,0,0,0,0,7,43.82,3,102.25
9/02/2025,314.97,5622,341,6.07%,0.92,56.02,2,2,1,6,1,12,26.25,3,0.88%,5,3,0,0,0,0,0.00%,0,0,0,0,0,0,0,0,0,0,5,62.99,1,314.97
10/02/2025,307.73,7686,372,4.84%,0.83,40.04,2,2,1,3,4,12,25.64,3,0.81%,0,0,0,0,0,0,0.00%,0,0,0,0,0,0,0,0,0,0,6,51.29,2,153.87
11/02/2025,304.31,5712,225,3.94%,1.35,53.28,0,1,4,5,2,12,25.36,2,0.89%,0,1,0,0,0,0,0.00%,0,0,0,0,0,0,0,0,0,0,4,76.08,3,101.44
12/02/2025,302.64,9993,430,4.30%,0.7,30.29,3,0,5,5,2,15,20.18,4,0.93%,0,0,0,0,0,0,0.00%,0,0,0,0,0,0,0,0,0,0,4,75.66,2,151.32
13/02/2025,300.1,8409,334,3.97%,0.9,35.69,4,3,5,3,6,21,14.29,2,0.60%,1,0,0,0,0,0,0.00%,0,0,0,0,0,0,0,0,0,0,2,150.05,0,0
14/02/2025,300.71,7436,330,4.44%,0.91,40.44,6,0,2,2,2,12,25.06,3,0.91%,5,1,0,0,0,0,0.00%,0,0,0,0,0,0,0,0,0,0,6,50.12,3,100.24
15/02/2025,302.2,11825,491,4.15%,0.62,25.56,5,3,5,5,0,18,16.79,3,0.61%,1,0,0,0,0,0,0.00%,0,0,0,0,0,0,0,0,0,0,7,43.17,4,75.55
16/02/2025,301.82,7204,379,5.26%,0.8,41.9,1,0,3,1,0,5,60.36,3,0.79%,0,0,0,0,0,0,0.00%,0,0,0,0,0,0,0,0,0,0,4,75.46,2,150.91
17/02/2025,300.46,4309,217,5.04%,1.38,69.73,1,0,2,1,1,5,60.09,5,2.30%,8,0,0,0,0,0,0.00%,0,0,0,0,0,0,0,0,0,0,8,37.56,5,60.09
18/02/2025,314.99,6942,303,4.36%,1.04,45.37,1,0,2,5,4,12,26.25,2,0.66%,0,0,0,0,0,0,0.00%,0,0,0,0,0,0,0,0,0,0,3,105,3,105
19/02/2025,301.84,7165,298,4.16%,1.01,42.13,0,1,4,3,1,9,33.54,3,1.01%,7,0,0,0,0,0,0.00%,0,0,0,0,0,0,0,0,0,0,6,50.31,4,75.46
20/02/2025,301.62,5654,266,4.70%,1.13,53.35,1,1,2,2,2,8,37.7,2,0.75%,3,0,0,0,0,0,0.00%,0,0,0,0,0,0,0,0,0,0,7,43.09,3,100.54
21/02/2025,314.98,3689,169,4.58%,1.86,85.38,2,0,3,1,1,7,45,2,1.18%,0,0,0,0,0,0,0.00%,0,0,0,0,0,0,0,0,0,0,6,52.5,3,104.99
23/02/2025,302.66,1536,51,3.32%,5.93,197.04,1,0,0,1,1,3,100.89,0,0.00%,2,0,0,0,0,0,0.00%,0,0,0,0,0,0,0,0,0,0,1,302.66,1,302.66
24/02/2025,307.26,3993,152,3.81%,2.02,76.95,0,0,1,3,1,5,61.45,1,0.66%,0,0,0,0,0,0,0.00%,0,0,0,0,0,0,0,0,0,0,2,153.63,0,0
25/02/2025,305.95,8815,397,4.50%,0.77,34.71,3,0,2,3,0,8,38.24,8,2.02%,1,0,0,0,0,0,0.00%,0,0,0,0,0,0,0,0,0,0,9,33.99,4,76.49
26/02/2025,312.01,5448,242,4.44%,1.29,57.27,1,0,3,1,1,6,52,0,0.00%,0,1,0,0,0,0,0.00%,0,0,0,0,0,0,0,0,0,0,1,312.01,0,0
27/02/2025,305.17,3582,167,4.66%,1.83,85.2,1,1,1,1,0,4,76.29,6,3.59%,2,0,0,0,0,0,0.00%,0,0,0,0,0,0,0,0,0,0,12,25.43,7,43.6
28/02/2025,314.98,5596,264,4.72%,1.19,56.29,3,0,2,3,1,9,35,2,0.76%,1,0,0,0,0,0,0.00%,0,0,0,0,0,0,0,0,0,0,6,52.5,3,104.99
1/03/2025,308.09,5266,249,4.73%,1.24,58.51,0,1,2,4,1,8,38.51,1,0.40%,0,0,0,0,0,0,0.00%,0,0,0,0,0,0,0,0,0,0,5,61.62,1,308.09
2/03/2025,312.76,8283,386,4.66%,0.81,37.76,9,1,2,2,1,15,20.85,3,0.78%,5,0,0,0,0,0,0.00%,0,0,0,0,0,0,0,0,0,0,6,52.13,3,104.25
3/03/2025,310.71,3129,154,4.92%,2.02,99.3,0,1,2,2,2,7,44.39,2,1.30%,0,0,0,0,0,0,0.00%,0,0,0,0,0,0,0,0,0,0,5,62.14,4,77.68
4/03/2025,308.71,6506,310,4.76%,1,47.45,3,0,6,3,0,12,25.73,2,0.65%,1,1,0,0,0,0,0.00%,0,0,0,0,0,0,0,0,0,0,7,44.1,3,102.9
5/03/2025,305.24,6701,290,4.33%,1.05,45.55,3,1,0,2,1,7,43.61,4,1.38%,3,0,0,0,0,0,0.00%,0,0,0,0,0,0,0,0,0,0,5,61.05,2,152.62
6/03/2025,301.85,6341,323,5.09%,0.93,47.6,4,0,4,7,3,18,16.77,4,1.24%,5,0,0,0,0,0,0.00%,0,0,0,0,0,0,0,0,0,0,8,37.73,4,75.46
7/03/2025,314.29,4273,210,4.91%,1.5,73.55,2,0,2,1,1,6,52.38,2,0.95%,0,0,0,0,0,0,0.00%,0,0,0,0,0,0,0,0,0,0,1,314.29,0,0
8/03/2025,304.5,8357,443,5.30%,0.69,36.44,4,0,6,1,6,17,17.91,4,0.90%,6,0,0,0,0,0,0.00%,0,0,0,0,0,0,0,0,0,0,7,43.5,5,60.9
9/03/2025,299.41,4661,215,4.61%,1.39,64.24,1,0,1,3,0,5,59.88,1,0.47%,0,0,0,0,0,0,0.00%,0,0,0,0,0,0,0,0,0,0,2,149.71,1,299.41
10/03/2025,303.05,5245,236,4.50%,1.28,57.78,3,0,4,2,2,11,27.55,3,1.27%,1,0,0,0,0,0,0.00%,0,0,0,0,0,0,0,0,0,0,5,60.61,4,75.76
11/03/2025,303.7,6335,273,4.31%,1.11,47.94,3,0,2,2,1,8,37.96,1,0.37%,1,0,0,0,0,0,0.00%,0,0,0,0,0,0,0,0,0,0,2,151.85,1,303.7
12/03/2025,314.98,4271,166,3.89%,1.9,73.75,2,0,0,2,1,5,63,1,0.60%,0,0,0,0,0,0,0.00%,0,0,0,0,0,0,0,0,0,0,2,157.49,1,314.98
13/03/2025,302.86,1873,74,3.95%,4.09,161.7,0,2,2,2,1,7,43.27,2,2.70%,0,0,0,0,0,0,0.00%,0,0,0,0,0,0,0,0,0,0,4,75.72,3,100.95
14/03/2025,303.03,4338,210,4.84%,1.44,69.85,1,0,2,1,1,5,60.61,0,0.00%,0,0,0,0,0,0,0.00%,0,0,0,0,0,0,0,0,0,0,4,75.76,2,151.51
15/03/2025,314.53,9217,665,7.21%,0.47,34.12,6,2,4,3,4,19,16.55,3,0.45%,2,2,0,0,0,0,0.00%,0,0,0,0,0,0,0,0,0,0,4,78.63,1,314.53
16/03/2025,302.41,2743,251,9.15%,1.2,110.25,3,0,5,2,0,10,30.24,1,0.40%,1,1,0,0,0,0,0.00%,0,0,0,0,0,0,0,0,0,0,5,60.48,3,100.8
17/03/2025,310.94,3937,274,6.96%,1.13,78.98,3,1,4,2,0,10,31.09,1,0.36%,1,2,0,0,0,0,0.00%,0,0,0,0,0,0,0,0,0,0,5,62.19,4,77.74
18/03/2025,304.67,5271,399,7.57%,0.76,57.8,3,2,1,2,1,9,33.85,1,0.25%,2,4,0,0,0,0,0.00%,0,0,0,0,0,0,0,0,0,0,4,76.17,2,152.34
19/03/2025,303.18,7957,523,6.57%,0.58,38.1,5,0,10,5,1,21,14.44,3,0.57%,1,0,0,0,0,0,0.00%,0,0,0,0,0,0,0,0,0,0,7,43.31,3,101.06
20/03/2025,306.34,5764,328,5.69%,0.93,53.15,1,0,1,2,1,5,61.27,2,0.61%,1,2,0,0,0,0,0.00%,0,0,0,0,0,0,0,0,0,0,7,43.76,4,76.58
21/03/2025,302.52,8100,493,6.09%,0.61,37.35,1,3,3,2,2,11,27.5,0,0.00%,4,0,0,0,0,0,0.00%,0,0,0,0,0,0,0,0,0,0,5,60.5,4,75.63
22/03/2025,150.61,3628,274,7.55%,0.55,41.51,1,0,1,2,0,4,37.65,0,0.00%,0,0,0,0,0,0,0.00%,0,0,0,0,0,0,0,0,0,0,3,50.2,1,150.61
23/03/2025,152.82,5803,503,8.67%,0.3,26.33,3,1,3,2,1,10,15.28,1,0.20%,1,2,0,0,0,0,0.00%,0,0,0,0,0,0,0,0,0,0,6,25.47,3,50.94
24/03/2025,300.96,9101,685,7.53%,0.44,33.07,6,2,7,2,4,21,14.33,4,0.58%,3,1,0,0,0,0,0.00%,0,0,0,0,0,0,0,0,0,0,8,37.62,7,42.99
25/03/2025,301.31,6149,425,6.91%,0.71,49,2,1,1,2,1,7,43.04,5,1.18%,1,1,0,0,0,0,0.00%,0,0,0,0,0,0,0,0,0,0,6,50.22,3,100.44
26/03/2025,209.65,10407,743,7.14%,0.28,20.15,4,1,3,5,5,18,11.65,2,0.27%,5,0,0,0,0,0,0.00%,0,0,0,0,0,0,0,0,0,0,3,69.88,3,69.88
27/03/2025,239.38,9553,577,6.04%,0.41,25.06,7,2,4,1,7,21,11.4,0,0.00%,3,2,0,0,0,0,0.00%,0,0,0,0,0,0,0,0,0,0,5,47.88,3,79.79
28/03/2025,189.43,6877,434,6.31%,0.44,27.55,1,0,2,1,0,4,47.36,1,0.23%,4,0,0,0,0,0,0.00%,0,0,0,0,0,0,0,0,0,0,3,63.14,2,94.72
29/03/2025,181.06,2109,132,6.26%,1.37,85.85,1,0,0,0,1,2,90.53,2,1.52%,0,0,0,0,0,0,0.00%,0,0,0,0,0,0,0,0,0,0,4,45.27,2,90.53
30/03/2025,182.57,2942,212,7.21%,0.86,62.06,3,0,4,0,1,8,22.82,3,1.42%,1,0,0,0,0,0,0.00%,0,0,0,0,0,0,0,0,0,0,4,45.64,1,182.57
31/03/2025,194.37,10144,645,6.36%,0.3,19.16,4,1,5,3,0,13,14.95,4,0.62%,3,1,0,0,0,0,0.00%,0,0,0,0,0,0,0,0,0,0,5,38.87,3,64.79
1/04/2025,310.25,2742,189,6.89%,1.64,113.15,2,0,0,1,2,5,62.05,2,1.06%,0,0,0,0,0,0,0.00%,0,0,0,0,0,0,0,0,0,0,8,38.78,3,103.42
2/04/2025,375.03,8005,505,6.31%,0.74,46.85,4,1,2,3,1,11,34.09,1,0.20%,1,0,0,0,0,0,0.00%,0,0,0,0,0,0,0,0,0,0,8,46.88,6,62.51
3/04/2025,259.37,11449,634,5.54%,0.41,22.65,8,1,7,2,1,19,13.65,4,0.63%,3,0,0,0,0,0,0.00%,0,0,0,0,0,0,0,0,0,0,7,37.05,1,259.37
4/04/2025,366.37,12272,649,5.29%,0.56,29.85,6,2,4,2,4,18,20.35,4,0.62%,1,0,0,0,0,0,0.00%,0,0,0,0,0,0,0,0,0,0,8,45.8,4,91.59
5/04/2025,162.79,9905,656,6.62%,0.25,16.44,6,1,5,3,2,17,9.58,2,0.30%,1,6,0,0,0,0,0.00%,0,0,0,0,0,0,0,0,0,0,3,54.26,1,162.79
6/04/2025,204.04,9138,593,6.49%,0.34,22.33,3,0,2,3,0,8,25.51,3,0.51%,3,1,0,0,0,0,0.00%,0,0,0,0,0,0,0,0,0,0,9,22.67,4,51.01
7/04/2025,393.89,9881,603,6.10%,0.65,39.86,5,2,5,6,0,18,21.88,3,0.50%,0,1,0,0,0,0,0.00%,0,0,0,0,0,0,0,0,0,0,9,43.77,5,78.78
8/04/2025,502.19,7201,430,5.97%,1.17,69.74,4,2,1,2,2,11,45.65,1,0.23%,4,1,0,0,0,0,0.00%,0,0,0,0,0,0,0,0,0,0,12,41.85,8,62.77
9/04/2025,227.06,7856,426,5.42%,0.53,28.9,2,0,2,4,0,8,28.38,1,0.23%,1,0,0,0,0,0,0.00%,0,0,0,0,0,0,0,0,0,0,5,45.41,1,227.06
10/04/2025,339.85,6120,349,5.70%,0.97,55.53,3,0,3,2,0,8,42.48,3,0.86%,0,0,0,0,0,0,0.00%,0,0,0,0,0,0,0,0,0,0,6,56.64,4,84.96
11/04/2025,379.33,9264,455,4.91%,0.83,40.95,3,1,3,1,1,9,42.15,4,0.88%,0,0,0,0,0,0,0.00%,0,0,0,0,0,0,0,0,0,0,8,47.42,6,63.22
12/04/2025,200.59,3761,211,5.61%,0.95,53.33,1,0,2,3,0,6,33.43,2,0.95%,1,0,0,0,0,0,0.00%,0,0,0,0,0,0,0,0,0,0,4,50.15,2,100.3
13/04/2025,201.07,9790,522,5.33%,0.39,20.54,3,5,2,2,2,14,14.36,2,0.38%,1,0,0,0,0,0,0.00%,0,0,0,0,0,0,0,0,0,0,5,40.21,3,67.02
14/04/2025,375.89,7090,408,5.75%,0.92,53.02,5,0,3,3,0,11,34.17,5,1.23%,5,1,0,0,0,0,0.00%,0,0,0,0,0,0,0,0,0,0,8,46.99,4,93.97
15/04/2025,172.35,6432,370,5.75%,0.47,26.8,7,0,0,3,2,12,14.36,3,0.81%,1,0,0,0,0,0,0.00%,0,0,0,0,0,0,0,0,0,0,6,28.73,2,86.18
16/04/2025,444.35,8655,480,5.55%,0.93,51.34,1,2,3,6,2,14,31.74,1,0.21%,5,0,0,0,0,0,0.00%,0,0,0,0,0,0,0,0,0,0,8,55.54,3,148.12
17/04/2025,249.71,7538,478,6.34%,0.52,33.13,3,1,4,4,0,12,20.81,2,0.42%,0,0,0,0,0,0,0.00%,0,0,0,0,0,0,0,0,0,0,4,62.43,4,62.43
18/04/2025,345.46,7454,459,6.16%,0.75,46.35,4,0,3,7,2,16,21.59,8,1.74%,4,0,0,0,0,0,0.00%,0,0,0,0,0,0,0,0,0,0,6,57.58,1,345.46
19/04/2025,308.36,8540,493,5.77%,0.63,36.11,3,2,5,5,2,17,18.14,1,0.20%,0,0,0,0,0,0,0.00%,0,0,0,0,0,0,0,0,0,0,5,61.67,4,77.09
20/04/2025,423.19,9555,542,5.67%,0.78,44.29,4,1,2,6,4,17,24.89,3,0.55%,1,0,0,0,0,0,0.00%,0,0,0,0,0,0,0,0,0,0,9,47.02,4,105.8
21/04/2025,243.14,8830,512,5.80%,0.47,27.54,4,2,5,4,3,18,13.51,3,0.59%,2,0,0,0,0,0,0.00%,0,0,0,0,0,0,0,0,0,0,6,40.52,2,121.57
22/04/2025,500.38,6016,302,5.02%,1.66,83.17,1,3,1,2,1,8,62.55,2,0.66%,2,0,0,0,0,0,0.00%,0,0,0,0,0,0,0,0,0,0,9,55.6,5,100.08
23/04/2025,323.95,6155,359,5.83%,0.9,52.63,3,0,7,4,1,15,21.6,1,0.28%,6,1,0,0,0,0,0.00%,0,0,0,0,0,0,0,0,0,0,5,64.79,1,323.95
24/04/2025,324.17,5763,306,5.31%,1.06,56.25,5,1,3,1,2,12,27.01,3,0.98%,0,0,0,0,0,0,0.00%,0,0,0,0,0,0,0,0,0,0,3,108.06,1,324.17
25/04/2025,290.53,6251,334,5.34%,0.87,46.48,3,0,5,3,0,11,26.41,2,0.60%,0,0,0,0,0,0,0.00%,0,0,0,0,0,0,0,0,0,0,3,96.84,2,145.26
26/04/2025,363.99,5098,280,5.49%,1.3,71.4,1,1,1,4,2,9,40.44,0,0.00%,0,0,0,0,0,0,0.00%,0,0,0,0,0,0,0,0,0,0,5,72.8,1,363.99
27/04/2025,231.65,4602,246,5.35%,0.94,50.34,0,0,1,1,0,2,115.83,1,0.41%,1,0,0,0,0,0,0.00%,0,0,0,0,0,0,0,0,0,0,3,77.22,2,115.83
28/04/2025,500.8,4666,285,6.11%,1.76,107.33,2,0,2,2,2,8,62.6,3,1.05%,1,1,0,0,0,0,0.00%,0,0,0,0,0,0,0,0,0,0,9,55.64,7,71.54
29/04/2025,340.06,4408,261,5.92%,1.3,77.15,0,1,1,1,0,3,113.35,1,0.38%,0,0,0,0,0,0,0.00%,0,0,0,0,0,0,0,0,0,0,5,68.01,2,170.03
30/04/2025,242.26,5072,296,5.84%,0.82,47.76,3,1,4,5,1,14,17.3,4,1.35%,0,1,0,0,0,0,0.00%,0,0,0,0,0,0,0,0,0,0,4,60.57,4,60.57
1/05/2025,276.17,6210,319,5.14%,0.87,44.47,3,0,2,3,0,8,34.52,2,0.63%,1,0,0,0,0,0,0.00%,0,0,0,0,0,0,0,0,0,0,6,46.03,2,138.09
2/05/2025,343.73,5073,252,4.97%,1.36,67.76,1,1,0,0,1,3,114.58,5,1.98%,1,0,0,0,0,0,0.00%,0,0,0,0,0,0,0,0,0,0,7,49.1,2,171.87
3/05/2025,365.46,7785,478,6.14%,0.76,46.94,5,2,2,1,3,13,28.11,5,1.05%,3,1,0,0,0,0,0.00%,0,0,0,0,0,0,0,0,0,0,6,60.91,3,121.82
4/05/2025,515.69,7365,440,5.97%,1.17,70.02,3,1,2,4,1,11,46.88,5,1.14%,1,1,0,0,0,0,0.00%,0,0,0,0,0,0,0,0,0,0,11,46.88,6,85.95
5/05/2025,182.02,6542,404,6.18%,0.45,27.82,3,0,0,4,1,8,22.75,1,0.25%,0,0,0,0,0,0,0.00%,0,0,0,0,0,0,0,0,0,0,1,182.02,0,0
6/05/2025,322.26,5655,330,5.84%,0.98,56.99,1,1,1,1,3,7,46.04,2,0.61%,1,2,0,0,0,0,0.00%,0,0,0,0,0,0,0,0,0,0,5,64.45,2,161.13
7/05/2025,432.12,5197,280,5.39%,1.54,83.15,2,3,1,1,2,9,48.01,3,1.07%,0,0,0,0,0,0,0.00%,0,0,0,0,0,0,0,0,0,0,8,54.02,5,86.42
8/05/2025,503.83,3380,230,6.80%,2.19,149.06,5,0,1,2,0,8,62.98,4,1.74%,0,0,0,0,0,0,0.00%,0,0,0,0,0,0,0,0,0,0,13,38.76,7,71.98
9/05/2025,267.29,4350,237,5.45%,1.13,61.45,1,0,0,2,2,5,53.46,0,0.00%,1,0,0,0,0,0,0.00%,0,0,0,0,0,0,0,0,0,0,4,66.82,1,267.29
10/05/2025,316.31,5416,321,5.93%,0.99,58.4,4,1,1,2,0,8,39.54,3,0.93%,2,0,0,0,0,0,0.00%,0,0,0,0,0,0,0,0,0,0,7,45.19,4,79.08
11/05/2025,269.9,5920,392,6.62%,0.69,45.59,3,1,4,6,2,16,16.87,2,0.51%,1,0,0,0,0,0,0.00%,0,0,0,0,0,0,0,0,0,0,4,67.47,2,134.95
12/05/2025,413.46,6836,458,6.70%,0.9,60.48,5,1,2,4,2,14,29.53,3,0.66%,1,3,0,0,0,0,0.00%,0,0,0,0,0,0,0,0,0,0,10,41.35,3,137.82
13/05/2025,390.44,4856,349,7.19%,1.12,80.4,5,0,3,4,0,12,32.54,1,0.29%,1,0,0,0,0,0,0.00%,0,0,0,0,0,0,0,0,0,0,7,55.78,5,78.09
14/05/2025,356.83,5361,397,7.41%,0.9,66.56,4,1,5,7,2,19,18.78,1,0.25%,2,1,0,0,0,0,0.00%,0,0,0,0,0,0,0,0,0,0,6,59.47,5,71.37
15/05/2025,342.32,5061,352,6.96%,0.97,67.64,2,1,1,0,1,5,68.46,3,0.85%,4,0,0,0,0,0,0.00%,0,0,0,0,0,0,0,0,0,0,6,57.05,2,171.16
16/05/2025,199.25,3505,241,6.88%,0.83,56.85,4,0,0,2,0,6,33.21,2,0.83%,0,0,0,0,0,0,0.00%,0,0,0,0,0,0,0,0,0,0,3,66.42,3,66.42
17/05/2025,362.88,1837,132,7.19%,2.75,197.54,2,0,1,1,1,5,72.58,1,0.76%,0,0,0,0,0,0,0.00%,0,0,0,0,0,0,0,0,0,0,6,60.48,3,120.96
18/05/2025,361.06,3069,191,6.22%,1.89,117.65,2,1,2,4,1,10,36.11,1,0.52%,0,0,0,0,0,0,0.00%,0,0,0,0,0,0,0,0,0,0,4,90.27,1,361.06
19/05/2025,430.66,4502,295,6.55%,1.46,95.66,4,0,3,2,5,14,30.76,4,1.36%,2,3,0,0,0,0,0.00%,0,0,0,0,0,0,0,0,0,0,8,53.83,4,107.67
20/05/2025,287.76,3427,222,6.48%,1.3,83.97,0,2,1,1,1,5,57.55,3,1.35%,1,0,0,0,0,0,0.00%,0,0,0,0,0,0,0,0,0,0,5,57.55,4,71.94
21/05/2025,229.65,4264,262,6.14%,0.88,53.86,2,0,1,3,1,7,32.81,1,0.38%,1,0,0,0,0,0,0.00%,0,0,0,0,0,0,0,0,0,0,3,76.55,4,57.41
22/05/2025,263.87,4345,265,6.10%,1,60.73,4,1,1,2,0,8,32.98,1,0.38%,0,0,0,0,0,0,0.00%,0,0,0,0,0,0,0,0,0,0,4,65.97,3,87.96
23/05/2025,250.84,3734,243,6.51%,1.03,67.18,0,0,0,4,1,5,50.17,0,0.00%,3,0,0,0,0,0,0.00%,0,0,0,0,0,0,0,0,0,0,3,83.61,2,125.42
24/05/2025,361.65,2583,187,7.24%,1.93,140.01,3,0,1,3,0,7,51.66,5,2.67%,0,0,0,0,0,0,0.00%,0,0,0,0,0,0,0,0,0,0,8,45.21,5,72.33
25/05/2025,318.99,4190,310,7.40%,1.03,76.13,1,0,3,3,1,8,39.87,1,0.32%,2,0,0,0,0,0,0.00%,0,0,0,0,0,0,0,0,0,0,6,53.17,7,45.57
26/05/2025,204.34,3897,254,6.52%,0.8,52.44,1,0,1,0,1,3,68.11,3,1.18%,0,0,0,0,0,0,0.00%,0,0,0,0,0,0,0,0,0,0,3,68.11,3,68.11
27/05/2025,246.78,4697,346,7.37%,0.71,52.54,3,2,1,1,1,8,30.85,1,0.29%,1,0,0,0,0,0,0.00%,0,0,0,0,0,0,0,0,0,0,4,61.7,2,123.39
28/05/2025,259.16,4014,277,6.90%,0.94,64.56,3,0,2,4,1,10,25.92,4,1.44%,1,1,0,0,0,0,0.00%,0,0,0,0,0,0,0,0,0,0,6,43.19,3,86.39
29/05/2025,502.39,2884,208,7.21%,2.42,174.2,0,1,2,1,4,8,62.8,1,0.48%,1,0,0,0,0,0,0.00%,0,0,0,0,0,0,0,0,0,0,9,55.82,5,100.48
30/05/2025,406.19,2898,188,6.49%,2.16,140.16,1,0,1,1,0,3,135.4,5,2.66%,0,0,0,0,0,0,0.00%,0,0,0,0,0,0,0,0,0,0,6,67.7,3,135.4
31/05/2025,297.15,5002,293,5.86%,1.01,59.41,3,0,3,1,1,8,37.14,0,0.00%,0,0,0,0,0,0,0.00%,0,0,0,0,0,0,0,0,0,0,2,148.57,0,0
1/06/2025,423.23,7480,447,5.98%,0.95,56.58,2,2,1,8,2,15,28.22,1,0.22%,1,1,0,0,0,0,0.00%,0,0,0,0,0,0,0,0,0,0,9,47.03,6,70.54
2/06/2025,568.72,6054,361,5.96%,1.58,93.94,3,1,1,2,3,10,56.87,1,0.28%,1,0,0,0,0,0,0.00%,0,0,0,0,0,0,0,0,0,0,8,71.09,6,94.79
3/06/2025,502.86,5637,323,5.73%,1.56,89.21,3,1,0,3,0,7,71.84,5,1.55%,0,0,0,0,0,0,0.00%,0,0,0,0,0,0,0,0,0,0,9,55.87,4,125.72
4/06/2025,321.06,6717,401,5.97%,0.8,47.8,8,2,5,5,3,23,13.96,1,0.25%,2,4,0,0,0,0,0.00%,0,0,0,0,0,0,0,0,0,0,4,80.27,3,107.02
5/06/2025,501.22,5830,308,5.28%,1.63,85.97,3,0,1,6,2,12,41.77,1,0.32%,0,0,0,0,0,0,0.00%,0,0,0,0,0,0,0,0,0,0,9,55.69,7,71.6
6/06/2025,502.68,4215,227,5.39%,2.21,119.26,2,0,0,1,2,5,100.54,4,1.76%,9,0,0,0,0,0,0.00%,0,0,0,0,0,0,0,0,0,0,9,55.85,3,167.56
7/06/2025,480.62,5602,326,5.82%,1.47,85.79,3,1,2,5,0,11,43.69,4,1.23%,0,7,0,0,0,0,0.00%,0,0,0,0,0,0,0,0,0,0,8,60.08,6,80.1
8/06/2025,261.75,5949,349,5.87%,0.75,44,2,0,2,5,3,12,21.81,3,0.86%,2,1,0,0,0,0,0.00%,0,0,0,0,0,0,0,0,0,0,5,52.35,5,52.35
9/06/2025,403.51,6341,362,5.71%,1.11,63.64,3,1,0,2,1,7,57.64,3,0.83%,1,0,0,0,0,0,0.00%,0,0,0,0,0,0,0,0,0,0,9,44.83,4,100.88
10/06/2025,373.86,4720,287,6.08%,1.3,79.21,1,0,2,1,1,5,74.77,2,0.70%,2,0,0,0,0,0,0.00%,0,0,0,0,0,0,0,0,0,0,4,93.47,3,124.62
11/06/2025,363.08,3926,259,6.60%,1.4,92.48,2,0,1,2,1,6,60.51,4,1.54%,1,5,0,0,0,0,0.00%,0,0,0,0,0,0,0,0,0,0,5,72.62,0,0
12/06/2025,332.95,4190,244,5.82%,1.36,79.46,1,1,1,2,2,7,47.56,1,0.41%,1,0,0,0,0,0,0.00%,0,0,0,0,0,0,0,0,0,0,4,83.24,2,166.48
13/06/2025,254.78,3533,243,6.88%,1.05,72.11,4,1,0,3,1,9,28.31,0,0.00%,5,0,0,0,0,0,0.00%,0,0,0,0,0,0,0,0,0,0,4,63.7,1,254.78
14/06/2025,308.58,3451,241,6.98%,1.28,89.42,1,1,1,2,2,7,44.08,1,0.41%,5,3,0,0,0,0,0.00%,0,0,0,0,0,0,0,0,0,0,5,61.72,0,0
15/06/2025,173.54,4524,331,7.32%,0.52,38.36,2,0,3,4,1,10,17.35,0,0.00%,0,0,0,0,0,0,0.00%,0,0,0,0,0,0,0,0,0,0,1,173.54,1,173.54
16/06/2025,465.31,3557,246,6.92%,1.89,130.82,2,0,0,5,2,9,51.7,3,1.22%,2,0,0,0,0,0,0.00%,0,0,0,0,0,0,0,0,0,0,8,58.16,4,116.33
17/06/2025,351.67,3741,300,8.02%,1.17,94,2,0,3,0,1,6,58.61,0,0.00%,2,2,0,0,0,0,0.00%,0,0,0,0,0,0,0,0,0,0,5,70.33,1,351.67
18/06/2025,296.4,2979,205,6.88%,1.45,99.5,2,0,2,1,3,8,37.05,3,1.46%,2,3,0,0,0,0,0.00%,0,0,0,0,0,0,0,0,0,0,5,59.28,3,98.8
19/06/2025,287.25,2314,183,7.91%,1.57,124.14,1,0,0,1,1,3,95.75,1,0.55%,2,0,0,0,0,0,0.00%,0,0,0,0,0,0,0,0,0,0,5,57.45,4,71.81
20/06/2025,128.21,821,44,5.36%,2.91,156.16,0,0,0,0,1,1,128.21,0,0.00%,0,0,0,0,0,0,0.00%,0,0,0,0,0,0,0,0,0,0,2,64.11,1,128.21
21/06/2025,0,1,0,0.00%,0,0,0,0,0,0,0,0,0,0,0.00%,0,0,0,0,0,0,0.00%,0,0,0,0,0,0,0,0,0,0,0,0,0,0
23/06/2025,218.53,5152,426,8.27%,0.51,42.42,0,3,3,1,1,8,27.32,3,0.70%,1,1,0,0,0,0,0.00%,0,0,0,0,0,0,0,0,0,0,4,54.63,2,109.27
24/06/2025,313.89,10503,815,7.76%,0.39,29.89,7,1,8,6,2,24,13.08,4,0.49%,3,1,0,0,0,0,0.00%,0,0,0,0,0,0,0,0,0,0,5,62.78,3,104.63
25/06/2025,501.87,3557,239,6.72%,2.1,141.09,6,0,3,2,4,15,33.46,3,1.26%,2,0,0,0,0,0,0.00%,0,0,0,0,0,0,0,0,0,0,8,62.73,7,71.7
26/06/2025,231.06,5957,416,6.98%,0.56,38.79,4,0,2,1,2,9,25.67,2,0.48%,0,0,0,0,0,0,0.00%,0,0,0,0,0,0,0,0,0,0,5,46.21,2,115.53
27/06/2025,157.12,4772,313,6.56%,0.5,32.93,3,1,3,1,1,9,17.46,2,0.64%,2,0,0,0,0,0,0.00%,0,0,0,0,0,0,0,0,0,0,1,157.12,0,0
28/06/2025,337.35,4326,327,7.56%,1.03,77.98,5,1,4,1,2,13,25.95,1,0.31%,0,0,0,0,0,0,0.00%,0,0,0,0,0,0,0,0,0,0,6,56.23,2,168.68
29/06/2025,296.51,4924,361,7.33%,0.82,60.22,2,2,3,2,4,13,22.81,4,1.11%,1,0,0,0,0,0,0.00%,0,0,0,0,0,0,0,0,0,0,8,37.06,3,98.84
30/06/2025,264.59,4527,350,7.73%,0.76,58.45,1,0,0,0,0,1,264.59,2,0.57%,0,0,0,0,0,0,0.00%,0,0,0,0,0,0,0,0,0,0,5,52.92,2,132.29
1/07/2025,444.63,7199,459,6.38%,0.97,61.76,3,4,5,4,3,19,23.4,4,0.87%,5,7,0,0,0,0,0.00%,0,0,0,0,0,0,0,0,0,0,9,49.4,3,148.21
2/07/2025,500.58,5119,272,5.31%,1.84,97.79,3,1,1,2,3,10,50.06,0,0.00%,5,0,0,0,0,0,0.00%,0,0,0,0,0,0,0,0,0,0,5,100.12,2,250.29
3/07/2025,453.49,7138,415,5.81%,1.09,63.53,2,1,3,1,3,10,45.35,2,0.48%,2,0,0,0,0,0,0.00%,0,0,0,0,0,0,0,0,0,0,6,75.58,4,113.37
4/07/2025,321.2,6953,434,6.24%,0.74,46.2,2,1,4,2,1,10,32.12,1,0.23%,0,0,0,0,0,0,0.00%,0,0,0,0,0,0,0,0,0,0,5,64.24,1,321.2
5/07/2025,380.97,6337,433,6.83%,0.88,60.12,5,1,2,4,2,14,27.21,3,0.69%,1,1,0,0,0,0,0.00%,0,0,0,0,0,0,0,0,0,0,7,54.42,4,95.24
6/07/2025,374.91,7559,501,6.63%,0.75,49.6,3,0,2,0,1,6,62.49,1,0.20%,1,0,0,0,0,0,0.00%,0,0,0,0,0,0,0,0,0,0,4,93.73,2,187.46
7/07/2025,483.05,8178,515,6.30%,0.94,59.07,4,1,6,5,6,22,21.96,3,0.58%,3,2,0,0,0,0,0.00%,0,0,0,0,0,0,0,0,0,0,8,60.38,3,161.02
8/07/2025,505.57,4653,260,5.59%,1.94,108.65,2,0,3,2,2,9,56.17,1,0.38%,2,0,0,0,0,0,0.00%,0,0,0,0,0,0,0,0,0,0,5,101.11,4,126.39
9/07/2025,519.09,4649,257,5.53%,2.02,111.66,3,0,5,0,3,11,47.19,2,0.78%,0,0,0,0,0,0,0.00%,0,0,0,0,0,0,0,0,0,0,5,103.82,2,259.55
10/07/2025,304.3,4580,248,5.41%,1.23,66.44,2,0,0,2,5,9,33.81,1,0.40%,2,0,0,0,0,0,0.00%,0,0,0,0,0,0,0,0,0,0,4,76.08,3,101.43
11/07/2025,299.73,4860,286,5.88%,1.05,61.67,1,0,3,2,1,7,42.82,1,0.35%,2,2,0,0,0,0,0.00%,0,0,0,0,0,0,0,0,0,0,4,74.93,4,74.93
12/07/2025,321.86,5686,336,5.91%,0.96,56.61,3,0,3,3,2,11,29.26,1,0.30%,3,2,0,0,0,0,0.00%,0,0,0,0,0,0,0,0,0,0,5,64.37,4,80.47
13/07/2025,379.69,6242,406,6.50%,0.94,60.83,1,2,0,2,0,5,75.94,2,0.49%,1,0,0,0,0,0,0.00%,0,0,0,0,0,0,0,0,0,0,6,63.28,3,126.56
14/07/2025,455.51,5455,382,7.00%,1.19,83.5,2,2,2,2,1,9,50.61,3,0.79%,2,3,0,0,0,0,0.00%,0,0,0,0,0,0,0,0,0,0,8,56.94,5,91.1
15/07/2025,657.58,5156,362,7.02%,1.82,127.54,0,1,4,2,0,7,93.94,3,0.83%,1,0,0,0,0,0,0.00%,0,0,0,0,0,0,0,0,0,0,11,59.78,6,109.6
16/07/2025,650.55,4696,307,6.54%,2.12,138.53,5,0,5,3,2,15,43.37,4,1.30%,1,0,0,0,0,0,0.00%,0,0,0,0,0,0,0,0,0,0,10,65.05,6,108.43
17/07/2025,446.11,4874,268,5.50%,1.66,91.53,2,2,3,0,4,11,40.56,4,1.49%,1,0,0,0,0,0,0.00%,0,0,0,0,0,0,0,0,0,0,5,89.22,5,89.22
18/07/2025,280.55,4814,246,5.11%,1.14,58.28,3,1,2,0,0,6,46.76,1,0.41%,0,1,0,0,0,0,0.00%,0,0,0,0,0,0,0,0,0,0,2,140.28,2,140.28
19/07/2025,435.78,5819,336,5.77%,1.3,74.89,4,2,1,3,2,12,36.32,1,0.30%,1,1,0,0,0,0,0.00%,0,0,0,0,0,0,0,0,0,0,6,72.63,5,87.16
20/07/2025,285.05,6628,424,6.40%,0.67,43.01,3,0,3,2,2,10,28.51,2,0.47%,2,0,0,0,0,0,0.00%,0,0,0,0,0,0,0,0,0,0,5,57.01,1,285.05
21/07/2025,515.67,5365,281,5.24%,1.84,96.12,5,0,0,4,0,9,57.3,4,1.42%,4,0,0,0,0,0,0.00%,0,0,0,0,0,0,0,0,0,0,7,73.67,5,103.13
22/07/2025,257.48,4773,306,6.41%,0.84,53.95,4,0,3,5,3,15,17.17,1,0.33%,2,1,0,0,0,0,0.00%,0,0,0,0,0,0,0,0,0,0,2,128.74,1,257.48
23/07/2025,444.13,4677,267,5.71%,1.66,94.96,3,1,3,3,1,11,40.38,2,0.75%,1,7,0,0,0,0,0.00%,0,0,0,0,0,0,0,0,0,0,8,55.52,3,148.04
24/07/2025,484.91,4191,289,6.90%,1.68,115.7,3,0,3,5,2,13,37.3,2,0.69%,0,1,0,0,0,0,0.00%,0,0,0,0,0,0,0,0,0,0,8,60.61,5,96.98
25/07/2025,478.29,4199,260,6.19%,1.84,113.91,2,0,2,0,2,6,79.72,3,1.15%,1,0,0,0,0,0,0.00%,0,0,0,0,0,0,0,0,0,0,5,95.66,2,239.15
26/07/2025,452.24,4720,285,6.04%,1.59,95.81,4,0,1,3,1,9,50.25,2,0.70%,5,1,0,0,0,0,0.00%,0,0,0,0,0,0,0,0,0,0,5,90.45,4,113.06
27/07/2025,396.46,6835,421,6.16%,0.94,58,6,1,9,2,4,22,18.02,1,0.24%,0,0,0,0,0,0,0.00%,0,0,0,0,0,0,0,0,0,0,5,79.29,3,132.15
28/07/2025,570.87,7588,497,6.55%,1.15,75.23,3,2,5,1,1,12,47.57,4,0.80%,4,0,0,0,0,0,0.00%,0,0,0,0,0,0,0,0,0,0,11,51.9,4,142.72
29/07/2025,443.93,7290,504,6.91%,0.88,60.9,7,1,2,2,1,13,34.15,7,1.39%,0,1,0,0,0,0,0.00%,0,0,0,0,0,0,0,0,0,0,11,40.36,6,73.99
30/07/2025,614.83,6287,398,6.33%,1.54,97.79,6,1,3,2,1,13,47.29,0,0.00%,12,0,0,0,0,0,0.00%,0,0,0,0,0,0,0,0,0,0,5,122.97,3,204.94
31/07/2025,473.04,7602,475,6.25%,1,62.23,2,1,3,2,5,13,36.39,4,0.84%,7,0,0,0,0,0,0.00%,0,0,0,0,0,0,0,0,0,0,8,59.13,4,118.26
1/08/2025,546.29,8067,486,6.02%,1.12,67.72,6,0,5,3,1,15,36.42,4,0.82%,3,1,0,0,0,0,0.00%,0,0,0,0,0,0,0,0,0,0,7,78.04,4,136.57
2/08/2025,586.73,7866,538,6.84%,1.09,74.59,3,3,6,2,2,16,36.67,2,0.37%,0,0,0,0,0,0,0.00%,0,0,0,0,0,0,0,0,0,0,8,73.34,3,195.58
3/08/2025,335.6,7780,558,7.17%,0.6,43.14,6,0,11,1,4,22,15.25,2,0.36%,1,5,0,0,0,0,0.00%,0,0,0,0,0,0,0,0,0,0,5,67.12,3,111.87
4/08/2025,602.4,7597,466,6.13%,1.29,79.29,1,1,3,3,3,11,54.76,4,0.86%,1,4,0,0,0,0,0.00%,0,0,0,0,0,0,0,0,0,0,10,60.24,5,120.48
5/08/2025,617.72,4837,273,5.64%,2.26,127.71,3,0,4,6,2,15,41.18,4,1.47%,0,0,0,0,0,0,0.00%,0,0,0,0,0,0,0,0,0,0,9,68.64,6,102.95
6/08/2025,277.81,5414,308,5.69%,0.9,51.31,3,1,6,1,0,11,25.26,1,0.32%,1,0,0,0,0,0,0.00%,0,0,0,0,0,0,0,0,0,0,4,69.45,1,277.81
7/08/2025,610.24,3257,197,6.05%,3.1,187.36,0,0,2,1,1,4,152.56,3,1.52%,0,0,0,0,0,0,0.00%,0,0,0,0,0,0,0,0,0,0,8,76.28,3,203.41
8/08/2025,510.13,4183,253,6.05%,2.02,121.95,2,0,3,1,0,6,85.02,2,0.79%,0,0,0,0,0,0,0.00%,0,0,0,0,0,0,0,0,0,0,5,102.03,3,170.04
9/08/2025,336.13,5114,355,6.94%,0.95,65.73,5,1,3,4,2,15,22.41,2,0.56%,1,2,0,0,0,0,0.00%,0,0,0,0,0,0,0,0,0,0,7,48.02,0,0
10/08/2025,328.11,5445,396,7.27%,0.83,60.26,6,3,4,3,2,18,18.23,2,0.51%,1,1,0,0,0,0,0.00%,0,0,0,0,0,0,0,0,0,0,4,82.03,0,0
11/08/2025,297.48,7354,549,7.47%,0.54,40.45,2,2,7,2,3,16,18.59,1,0.18%,4,2,0,0,0,0,0.00%,0,0,0,0,0,0,0,0,0,0,3,99.16,3,99.16
12/08/2025,240.35,1580,146,9.24%,1.65,152.12,2,0,1,0,2,5,48.07,2,1.37%,2,0,0,0,0,0,0.00%,0,0,0,0,0,0,0,0,0,0,5,48.07,3,80.12
13/08/2025,236.82,3171,142,4.48%,1.67,74.68,0,0,0,3,2,5,47.36,0,0.00%,0,0,0,0,0,0,0.00%,0,0,0,0,0,0,0,0,0,0,3,78.94,3,78.94
14/08/2025,328.99,3754,204,5.43%,1.61,87.64,1,0,1,1,0,3,109.66,2,0.98%,0,5,0,0,0,0,0.00%,0,0,0,0,0,0,0,0,0,0,5,65.8,3,109.66
15/08/2025,272.74,3685,181,4.91%,1.51,74.01,0,0,0,0,0,0,0,1,0.55%,1,0,0,0,0,0,0.00%,0,0,0,0,0,0,0,0,0,0,4,68.19,3,90.91
16/08/2025,172.81,2992,132,4.41%,1.31,57.76,0,1,0,1,1,3,57.6,0,0.00%,7,0,0,0,0,0,0.00%,0,0,0,0,0,0,0,0,0,0,3,57.6,0,0
17/08/2025,398.94,3990,214,5.36%,1.86,99.98,1,0,4,2,2,9,44.33,4,1.87%,3,0,0,0,0,0,0.00%,0,0,0,0,0,0,0,0,0,0,6,66.49,4,99.74
18/08/2025,428.99,3434,200,5.82%,2.14,124.92,0,1,1,2,0,4,107.25,3,1.50%,0,0,0,0,0,0,0.00%,0,0,0,0,0,0,0,0,0,0,5,85.8,3,143
19/08/2025,435.54,3675,175,4.76%,2.49,118.51,2,0,2,1,0,5,87.11,2,1.14%,5,1,0,0,0,0,0.00%,0,0,0,0,0,0,0,0,0,0,6,72.59,0,0
20/08/2025,499.12,3008,157,5.22%,3.18,165.93,2,1,1,1,0,5,99.82,4,2.55%,0,0,0,0,0,0,0.00%,0,0,0,0,0,0,0,0,0,0,6,83.19,5,99.82
21/08/2025,414.62,3098,149,4.81%,2.78,133.83,2,1,1,1,0,5,82.92,2,1.34%,0,0,0,0,0,0,0.00%,0,0,0,0,0,0,0,0,0,0,6,69.1,4,103.66
22/08/2025,198.9,3080,135,4.38%,1.47,64.58,1,0,3,0,0,4,49.73,1,0.74%,1,0,0,0,0,0,0.00%,0,0,0,0,0,0,0,0,0,0,2,99.45,1,198.9
23/08/2025,419.39,3307,178,5.38%,2.36,126.82,1,0,1,0,0,2,209.7,3,1.69%,4,0,0,0,0,0,0.00%,0,0,0,0,0,0,0,0,0,0,5,83.88,1,419.39
24/08/2025,358.14,3123,191,6.12%,1.88,114.68,0,0,0,0,0,0,0,1,0.52%,0,0,0,0,0,0,0.00%,0,0,0,0,0,0,0,0,0,0,9,39.79,5,71.63
25/08/2025,258.09,3969,200,5.04%,1.29,65.03,0,0,0,2,0,2,129.04,0,0.00%,1,0,0,0,0,0,0.00%,0,0,0,0,0,0,0,0,0,0,2,129.04,2,129.04
26/08/2025,441.31,3671,153,4.17%,2.88,120.22,2,0,0,1,0,3,147.1,1,0.65%,0,0,0,0,0,0,0.00%,0,0,0,0,0,0,0,0,0,0,7,63.04,2,220.66
27/08/2025,431.78,3343,164,4.91%,2.63,129.16,2,0,0,1,0,3,143.93,5,3.05%,0,0,0,0,0,0,0.00%,0,0,0,0,0,0,0,0,0,0,7,61.68,5,86.36
28/08/2025,235.11,2790,130,4.66%,1.81,84.27,0,0,2,0,0,2,117.56,1,0.77%,0,0,0,0,0,0,0.00%,0,0,0,0,0,0,0,0,0,0,3,78.37,1,235.11
29/08/2025,221.36,2805,139,4.96%,1.59,78.92,3,0,2,0,0,5,44.27,2,1.44%,0,0,0,0,0,0,0.00%,0,0,0,0,0,0,0,0,0,0,1,221.36,0,0
30/08/2025,294.52,3611,172,4.76%,1.71,81.56,1,0,1,0,0,2,147.26,1,0.58%,2,0,0,0,0,0,0.00%,0,0,0,0,0,0,0,0,0,0,4,73.63,2,147.26
31/08/2025,208.36,3443,176,5.11%,1.18,60.52,2,0,0,0,0,2,104.18,1,0.57%,1,0,0,0,0,0,0.00%,0,0,0,0,0,0,0,0,0,0,1,208.36,0,0
1/09/2025,324.51,4145,193,4.66%,1.68,78.29,3,0,0,0,0,3,108.17,1,0.52%,0,0,0,0,0,0,0.00%,0,0,0,0,0,0,0,0,0,0,4,81.13,3,108.17
2/09/2025,325.7,3960,190,4.80%,1.71,82.25,2,2,2,3,0,9,36.19,1,0.53%,0,0,0,0,0,0,0.00%,0,0,0,0,0,0,0,0,0,0,3,108.57,0,0
3/09/2025,403.54,3869,155,4.01%,2.6,104.3,0,0,0,2,0,2,201.77,2,1.29%,0,0,0,0,0,0,0.00%,0,0,0,0,0,0,0,0,0,0,7,57.65,5,80.71
4/09/2025,253.05,4646,180,3.87%,1.41,54.47,1,2,1,0,1,5,50.61,5,2.78%,0,0,0,0,0,0,0.00%,0,0,0,0,0,0,0,0,0,0,6,42.18,3,84.35
5/09/2025,398.09,4289,207,4.83%,1.92,92.82,2,0,2,1,0,5,79.62,5,2.42%,0,0,0,0,0,0,0.00%,0,0,0,0,0,0,0,0,0,0,5,79.62,1,398.09
6/09/2025,215,4037,174,4.31%,1.24,53.26,2,1,0,2,0,5,43,1,0.57%,0,0,0,0,0,0,0.00%,0,0,0,0,0,0,0,0,0,0,2,107.5,1,215
7/09/2025,235.51,4221,193,4.57%,1.22,55.79,1,0,1,3,0,5,47.1,1,0.52%,1,0,0,0,0,0,0.00%,0,0,0,0,0,0,0,0,0,0,3,78.5,0,0
8/09/2025,359.07,3183,175,5.50%,2.05,112.81,0,1,4,1,1,7,51.3,1,0.57%,0,0,0,0,0,0,0.00%,0,0,0,0,0,0,0,0,0,0,4,89.77,2,179.54
9/09/2025,306.74,2717,127,4.67%,2.42,112.9,2,0,2,3,0,7,43.82,2,1.57%,0,0,0,0,0,0,0.00%,0,0,0,0,0,0,0,0,0,0,5,61.35,1,306.74
